Email,Username,Password
findlay_butler@hr.yahoo.com,Fbutler-hr,Fbutler71716
cain_mosley@finance.yahoo.com,Cmosley-finance,Cmosley60
donna_beltran@accounting.yahoo.com,Dbeltran-accounting,Dbeltran1
sian_ramirez@sales.yahoo.com,Sramirez-sales,Sramirez05784
angelo_fulton@it.yahoo.com,Afulton-it,Afulton06
daniyal_castro@ops.yahoo.com,Dcastro-ops,Dcastro1502
cayden_morrison@purchasing.yahoo.com,Cmorrison-purchasing,Cmorrison366
amir_haney@randd.yahoo.com,Ahaney-randd,Ahaney88736338
olive_fowler@production.yahoo.com,Ofowler-production,Ofowler9
ernest_bauer@marketing.yahoo.com,Ebauer-marketing,Ebauer96081888
isla_burnett@leadership.yahoo.com,Iburnett-leadership,Iburnett41095
albert_velazquez@sales.yahoo.com,Avelazquez-sales,Avelazquez84884
filip_donovan@it.yahoo.com,Fdonovan-it,Fdonovan95502091
hamza_crawford@ops.yahoo.com,Hcrawford-ops,Hcrawford72383
astrid_obrien@purchasing.yahoo.com,Aobrien-purchasing,Aobrien140
milan_odling@randd.yahoo.com,Modling-randd,Modling726067
ruairi_stevenson@production.yahoo.com,Rstevenson-production,Rstevenson9976
ria_bonner@marketing.yahoo.com,Rbonner-marketing,Rbonner623000
ela_hicks@leadership.yahoo.com,Ehicks-leadership,Ehicks84387
aron_bean@finance.yahoo.com,Abean-finance,Abean3529025
woody_gardner@accounting.yahoo.com,Wgardner-accounting,Wgardner0166
clyde_stokes@sales.yahoo.com,Cstokes-sales,Cstokes6906
samantha_harrison@it.yahoo.com,Sharrison-it,Sharrison6444304
gina_mason@finance.yahoo.com,Gmason-finance,Gmason31834093
hollie_vance@accounting.yahoo.com,Hvance-accounting,Hvance15729416
tillie_villa@sales.yahoo.com,Tvilla-sales,Tvilla66
jacqueline_dean@it.yahoo.com,Jdean-it,Jdean88
xavier_vaughn@finance.yahoo.com,Xvaughn-finance,Xvaughn09293
elif_pace@accounting.yahoo.com,Epace-accounting,Epace30
thalia_duran@sales.yahoo.com,Tduran-sales,Tduran91
lacey_fields@it.yahoo.com,Lfields-it,Lfields608316
abi_hamilton@accounting.yahoo.com,Ahamilton-accounting,Ahamilton0346
carys_ward@sales.yahoo.com,Cward-sales,Cward687633
philippa_velez@accounting.yahoo.com,Pvelez-accounting,Pvelez288915
annie_chen@sales.yahoo.com,Achen-sales,Achen232
rhonda_sears@accounting.yahoo.com,Rsears-accounting,Rsears69534
casey_bullock@sales.yahoo.com,Cbullock-sales,Cbullock31906606
jak_garner@sales.yahoo.com,Jgarner-sales,Jgarner386102
abbas_hines@accounting.yahoo.com,Ahines-accounting,Ahines7
amira_gill@sales.yahoo.com,Agill-sales,Agill2486
jaime_watkins@accounting.yahoo.com,Jwatkins-accounting,Jwatkins39
noor_mccall@sales.yahoo.com,Nmccall-sales,Nmccall135
jasper_norris@ops.yahoo.com,Jnorris-ops,Jnorris49
olivier_roach@ops.yahoo.com,Oroach-ops,Oroach446762
dhruv_callahan@ops.yahoo.com,Dcallahan-ops,Dcallahan55
anjali_meyer@hr.yahoo.com,Ameyer-hr,Ameyer4
mae_noble@hr.yahoo.com,Mnoble-hr,Mnoble600
brogan_fitzpatrick@hr.yahoo.com,Bfitzpatrick-hr,Bfitzpatrick29444
haris_clayton@hr.yahoo.com,Hclayton-hr,Hclayton515
jane_doe@sales.yahoo.com,Jdoe-sales,Jdoe896
jake_doe@sales.yahoo.com,Jdoe2-sales,Jdoe92635
